{"cameraMode":{"drawMode":0,"name":"Shaded","section":"Shading Mode"},"sceneLighting":true,"audioPlay":false,"sceneViewState":{"showFog":true,"showMaterialUpdate":false,"showSkybox":false,"showFlares":true,"showImageEffects":true,"showParticleSystems":true},"in2DMode":false,"pivot":{"x":-16.7891902923584,"y":-9.331771850585938,"z":8.27377700805664},"rotation":{"x":-0.04447299614548683,"y":-0.9046652913093567,"z":0.4125012457370758,"w":-0.09752887487411499},"size":21.6351261138916,"orthographic":false}