{"cameraMode":{"drawMode":0,"name":"Shaded","section":"Shading Mode"},"sceneLighting":true,"audioPlay":false,"sceneViewState":{"showFog":true,"showMaterialUpdate":false,"showSkybox":true,"showFlares":true,"showImageEffects":true,"showParticleSystems":true},"in2DMode":false,"pivot":{"x":-100.93928527832031,"y":-21.08660888671875,"z":67.62423706054688},"rotation":{"x":-0.2852732241153717,"y":0.05659884586930275,"z":-0.016880743205547334,"w":-0.9566332101821899},"size":52.354774475097659,"orthographic":false}