{"cameraMode":{"drawMode":0,"name":"Shaded","section":"Shading Mode"},"sceneLighting":true,"audioPlay":false,"sceneViewState":{"showFog":true,"showMaterialUpdate":false,"showSkybox":true,"showFlares":true,"showImageEffects":true,"showParticleSystems":true},"in2DMode":false,"pivot":{"x":545.9114990234375,"y":178.84078979492188,"z":0.0},"rotation":{"x":0.052789293229579929,"y":0.010799541138112545,"z":-0.0005653311382047832,"w":0.9986480474472046},"size":1611.97705078125,"orthographic":false}