{"cameraMode":{"drawMode":0,"name":"Shaded","section":"Shading Mode"},"sceneLighting":true,"audioPlay":false,"sceneViewState":{"showFog":true,"showMaterialUpdate":false,"showSkybox":true,"showFlares":true,"showImageEffects":true,"showParticleSystems":true},"in2DMode":false,"pivot":{"x":626.7384033203125,"y":285.879638671875,"z":-291.808837890625},"rotation":{"x":-0.01773020811378956,"y":0.01934032328426838,"z":-0.0018048201454803348,"w":1.0001246929168702},"size":117.62838745117188,"orthographic":false}