{"cameraMode":{"drawMode":0,"name":"Shaded","section":"Shading Mode"},"sceneLighting":true,"audioPlay":false,"sceneViewState":{"showFog":true,"showMaterialUpdate":false,"showSkybox":false,"showFlares":true,"showImageEffects":true,"showParticleSystems":true},"in2DMode":false,"pivot":{"x":-22.830398559570314,"y":-16.355567932128908,"z":36.7812614440918},"rotation":{"x":-0.31634247303009035,"y":0.2701255977153778,"z":-0.09427692741155625,"w":-0.9047476649284363},"size":31.754098892211915,"orthographic":false}