{"cameraMode":{"drawMode":0,"name":"Shaded","section":"Shading Mode"},"sceneLighting":false,"audioPlay":false,"sceneViewState":{"showFog":true,"showMaterialUpdate":false,"showSkybox":false,"showFlares":true,"showImageEffects":true,"showParticleSystems":true},"in2DMode":false,"pivot":{"x":-85.28733825683594,"y":3.012665271759033,"z":34.35734939575195},"rotation":{"x":-0.10841678828001023,"y":0.40134525299072268,"z":-0.04790954291820526,"w":-0.9082272052764893},"size":6.414315223693848,"orthographic":false}