{"cameraMode":{"drawMode":0,"name":"Shaded","section":"Shading Mode"},"sceneLighting":false,"audioPlay":false,"sceneViewState":{"showFog":true,"showMaterialUpdate":false,"showSkybox":false,"showFlares":true,"showImageEffects":true,"showParticleSystems":true},"in2DMode":false,"pivot":{"x":0.18684174120426179,"y":2.6902785301208498,"z":2.4638147354125978},"rotation":{"x":-0.00531581649556756,"y":0.9914938807487488,"z":-0.12288409471511841,"w":-0.04285786673426628},"size":0.5628823041915894,"orthographic":false}