{"cameraMode":{"drawMode":0,"name":"Shaded","section":"Shading Mode"},"sceneLighting":true,"audioPlay":false,"sceneViewState":{"showFog":true,"showMaterialUpdate":false,"showSkybox":true,"showFlares":true,"showImageEffects":true,"showParticleSystems":true},"in2DMode":false,"pivot":{"x":-100.9381332397461,"y":-21.08660888671875,"z":67.6243667602539},"rotation":{"x":-0.2852732241153717,"y":0.05659884586930275,"z":-0.016880743205547334,"w":-0.9566332101821899},"size":50.022186279296878,"orthographic":false}