{"cameraMode":{"drawMode":0,"name":"Shaded","section":"Shading Mode"},"sceneLighting":true,"audioPlay":false,"sceneViewState":{"showFog":true,"showMaterialUpdate":false,"showSkybox":false,"showFlares":true,"showImageEffects":true,"showParticleSystems":true},"in2DMode":false,"pivot":{"x":-24.28318977355957,"y":-1.3383746147155762,"z":62.13315963745117},"rotation":{"x":0.13341249525547028,"y":-0.03431345894932747,"z":0.0035526424180716278,"w":0.9907637238502502},"size":15.104488372802735,"orthographic":false}