{"cameraMode":{"drawMode":0,"name":"Shaded","section":"Shading Mode"},"sceneLighting":false,"audioPlay":false,"sceneViewState":{"showFog":true,"showMaterialUpdate":false,"showSkybox":false,"showFlares":true,"showImageEffects":true,"showParticleSystems":true},"in2DMode":false,"pivot":{"x":0.806524395942688,"y":0.22953981161117555,"z":0.6208587288856506},"rotation":{"x":-0.04294649884104729,"y":0.6371628046035767,"z":-0.03559686243534088,"w":-0.768715500831604},"size":3.937117338180542,"orthographic":false}