{"cameraMode":{"drawMode":0,"name":"Shaded","section":"Shading Mode"},"sceneLighting":true,"audioPlay":false,"sceneViewState":{"showFog":true,"showMaterialUpdate":false,"showSkybox":false,"showFlares":true,"showImageEffects":true,"showParticleSystems":true},"in2DMode":false,"pivot":{"x":1.5712870359420777,"y":-12.02094554901123,"z":-39.89799880981445},"rotation":{"x":-0.02127949334681034,"y":0.9766039252281189,"z":-0.11509768664836884,"w":-0.1807585209608078},"size":27.517850875854493,"orthographic":false}