{"cameraMode":{"drawMode":0,"name":"Shaded","section":"Shading Mode"},"sceneLighting":true,"audioPlay":false,"sceneViewState":{"showFog":true,"showMaterialUpdate":false,"showSkybox":false,"showFlares":true,"showImageEffects":true,"showParticleSystems":true},"in2DMode":false,"pivot":{"x":15.674559593200684,"y":-44.423377990722659,"z":52.29072189331055},"rotation":{"x":-0.376636266708374,"y":0.08061006665229798,"z":-0.030697261914610864,"w":-0.9228459000587463},"size":40.96052169799805,"orthographic":false}