{"cameraMode":{"drawMode":0,"name":"Shaded","section":"Shading Mode"},"sceneLighting":true,"audioPlay":false,"sceneViewState":{"showFog":true,"showMaterialUpdate":false,"showSkybox":false,"showFlares":true,"showImageEffects":true,"showParticleSystems":true},"in2DMode":false,"pivot":{"x":-44.87348175048828,"y":14.7655029296875,"z":18.363712310791017},"rotation":{"x":-0.19694438576698304,"y":-0.41477909684181216,"z":0.09243795275688172,"w":-0.8835480213165283},"size":8.304737091064454,"orthographic":false}