{"cameraMode":{"drawMode":0,"name":"Shaded","section":"Shading Mode"},"sceneLighting":false,"audioPlay":false,"sceneViewState":{"showFog":true,"showMaterialUpdate":false,"showSkybox":false,"showFlares":true,"showImageEffects":true,"showParticleSystems":true},"in2DMode":false,"pivot":{"x":0.65478515625,"y":1.37127685546875,"z":1.4184417724609376},"rotation":{"x":-0.07676422595977783,"y":0.522762656211853,"z":-0.04733974486589432,"w":-0.8477005362510681},"size":1.837117314338684,"orthographic":false}