{"cameraMode":{"drawMode":0,"name":"Shaded","section":"Shading Mode"},"sceneLighting":true,"audioPlay":false,"sceneViewState":{"showFog":true,"showMaterialUpdate":false,"showSkybox":false,"showFlares":true,"showImageEffects":true,"showParticleSystems":true},"in2DMode":false,"pivot":{"x":-14.677082061767579,"y":-11.115460395812989,"z":4.121179103851318},"rotation":{"x":0.0698784738779068,"y":-0.914553165435791,"z":0.3555781841278076,"w":0.17979571223258973},"size":31.681127548217775,"orthographic":false}