{"cameraMode":{"drawMode":0,"name":"Shaded","section":"Shading Mode"},"sceneLighting":false,"audioPlay":false,"sceneViewState":{"showFog":true,"showMaterialUpdate":false,"showSkybox":true,"showFlares":true,"showImageEffects":true,"showParticleSystems":true},"in2DMode":false,"pivot":{"x":0.9500000476837158,"y":1.0,"z":-0.040000006556510928},"rotation":{"x":0.2201467603445053,"y":0.01755729876458645,"z":-0.003963080700486898,"w":0.9753066897392273},"size":4.041658401489258,"orthographic":true}