{"cameraMode":{"drawMode":0,"name":"Shaded","section":"Shading Mode"},"sceneLighting":false,"audioPlay":false,"sceneViewState":{"showFog":true,"showMaterialUpdate":false,"showSkybox":true,"showFlares":true,"showImageEffects":true,"showParticleSystems":true},"in2DMode":false,"pivot":{"x":-103.39212036132813,"y":1.0277620553970338,"z":15.276763916015625},"rotation":{"x":0.3895951807498932,"y":0.13734900951385499,"z":-0.05888185650110245,"w":0.9087835550308228},"size":5.242807865142822,"orthographic":false}