{"cameraMode":{"drawMode":0,"name":"Shaded","section":"Shading Mode"},"sceneLighting":true,"audioPlay":false,"sceneViewState":{"showFog":true,"showMaterialUpdate":false,"showSkybox":true,"showFlares":true,"showImageEffects":true,"showParticleSystems":true},"in2DMode":false,"pivot":{"x":7.42138671875,"y":78.9990005493164,"z":-4.775000095367432},"rotation":{"x":0.3566311001777649,"y":0.1968189775943756,"z":-0.07713238894939423,"w":0.9100160598754883},"size":6.1287736892700199,"orthographic":true}