{"cameraMode":{"drawMode":0,"name":"Shaded","section":"Shading Mode"},"sceneLighting":false,"audioPlay":false,"sceneViewState":{"showFog":true,"showMaterialUpdate":false,"showSkybox":true,"showFlares":true,"showImageEffects":true,"showParticleSystems":true},"in2DMode":false,"pivot":{"x":-2.384185791015625e-7,"y":3.375000238418579,"z":0.0000029802322387695314},"rotation":{"x":0.2500399351119995,"y":-0.7342869639396668,"z":0.34928372502326968,"w":0.5256521701812744},"size":15.840328216552735,"orthographic":false}