{"cameraMode":{"drawMode":0,"name":"Shaded","section":"Shading Mode"},"sceneLighting":true,"audioPlay":false,"sceneViewState":{"showFog":true,"showMaterialUpdate":false,"showSkybox":true,"showFlares":true,"showImageEffects":true,"showParticleSystems":true},"in2DMode":false,"pivot":{"x":-58.88999938964844,"y":32.599998474121097,"z":48.339988708496097},"rotation":{"x":0.12165997922420502,"y":-0.8632931113243103,"z":0.4218211770057678,"w":0.2489883452653885},"size":33.15785598754883,"orthographic":false}