{"cameraMode":{"drawMode":0,"name":"Shaded","section":"Shading Mode"},"sceneLighting":false,"audioPlay":false,"sceneViewState":{"showFog":true,"showMaterialUpdate":false,"showSkybox":true,"showFlares":true,"showImageEffects":true,"showParticleSystems":true},"in2DMode":false,"pivot":{"x":-99.94000244140625,"y":-1.149999976158142,"z":46.70000076293945},"rotation":{"x":0.19247566163539887,"y":-0.11305933445692063,"z":0.022330325096845628,"w":0.9745121002197266},"size":2.8578836917877199,"orthographic":true}