{"cameraMode":{"drawMode":0,"name":"Shaded","section":"Shading Mode"},"sceneLighting":false,"audioPlay":false,"sceneViewState":{"showFog":true,"showMaterialUpdate":false,"showSkybox":true,"showFlares":true,"showImageEffects":true,"showParticleSystems":true},"in2DMode":false,"pivot":{"x":0.65478515625,"y":1.37127685546875,"z":1.4184417724609376},"rotation":{"x":0.12165997922420502,"y":-0.8632931113243103,"z":0.4218211770057678,"w":0.2489883452653885},"size":4.041658401489258,"orthographic":false}